objID,u,r,i,g,z,finalredshift
1.23765E+18,18.73031,16.07619,15.69624,16.92396,15.39467,0.06035833
1.23767E+18,19.0178,16.22919,15.81057,17.14194,15.46483,0.06066807
1.23767E+18,18.79655,16.23791,15.86583,17.046,15.56582,0.0617091
1.23765E+18,18.32692,15.82185,15.40139,16.6465,15.06009,0.06206989
1.23765E+18,18.70879,16.09038,15.70497,16.90718,15.40131,0.0626367
1.23767E+18,18.95098,15.98237,15.55242,16.89834,15.22031,0.06563144
1.23767E+18,18.30145,15.51503,15.1083,16.42655,14.79561,0.0764087
1.23765E+18,19.76724,16.78088,16.35669,17.74265,16.01927,0.07673916
1.23765E+18,18.01265,15.223,14.81275,16.12985,14.48419,0.07698749
1.23765E+18,19.4156,16.45372,16.02542,17.39477,15.69974,0.07723518
1.23767E+18,18.99996,16.25967,15.83637,17.1658,15.54778,0.07731517
1.23765E+18,18.40487,15.75376,15.31119,16.63045,14.98012,0.07740269
1.23767E+18,19.13166,16.19407,15.78335,17.08706,15.47131,0.07743748
1.23767E+18,19.46703,16.44042,15.99994,17.40245,15.6491,0.07745789
1.23765E+18,18.00587,15.0431,14.58959,16.0048,14.23966,0.07746531
1.23767E+18,19.00507,15.97367,15.48353,16.9553,15.09882,0.07755706
1.23765E+18,19.02378,16.13769,15.68861,17.08384,15.36393,0.07765477
1.23767E+18,19.02733,16.24863,15.82558,17.18228,15.49946,0.07770932
1.23767E+18,20.29397,17.4873,17.02095,18.35069,16.69624,0.07792728
1.23765E+18,18.62153,15.82913,15.41679,16.72229,15.06824,0.07795306
1.23765E+18,18.84376,16.06921,15.6477,16.98586,15.33254,0.07797883
1.23765E+18,18.06393,16.16535,15.74095,16.77441,15.51894,0.07802294
1.23765E+18,19.08102,16.25916,15.74998,17.19181,15.39484,0.07826652
1.23767E+18,19.98389,17.13221,16.73818,18.00048,16.40828,0.07829393
1.23767E+18,18.96502,16.14221,15.73375,17.03611,15.42225,0.07848636
1.23767E+18,18.88621,16.14892,15.72968,16.99863,15.43025,0.07850792
1.23765E+18,18.65273,15.79094,15.38455,16.67061,15.10817,0.07850849
1.23765E+18,18.81319,15.78901,15.37899,16.73932,15.03727,0.0785328
1.23767E+18,19.088,16.258,15.8115,17.15611,15.456,0.0786062
1.23765E+18,19.28826,16.15441,15.75247,17.0738,15.46884,0.07909217
1.23767E+18,19.01708,16.07704,15.63097,17.02759,15.27006,0.07976266
1.23765E+18,18.5003,15.90921,15.52969,16.75734,15.21604,0.07988428
1.23765E+18,19.29103,16.57959,16.10045,17.51435,15.74404,0.08026797
1.23765E+18,19.95892,17.03649,16.61989,17.96223,16.28059,0.0803973
1.23765E+18,18.47885,15.48277,15.03985,16.43985,14.69474,0.08050773
1.23767E+18,20.55457,17.74524,17.30341,18.6734,17.01734,0.08062554
1.23765E+18,19.67163,16.92889,16.52777,17.8348,16.21548,0.0807986
1.23765E+18,19.5569,16.73542,16.30517,17.67873,15.9779,0.08103441
1.23765E+18,17.96638,14.9813,14.53715,15.95568,14.18363,0.08124281
1.23765E+18,19.06605,16.24429,15.8093,17.17739,15.46751,0.08147936
1.23765E+18,19.09122,16.1232,15.71519,17.06855,15.34071,0.0816094
1.23765E+18,18.68775,15.90634,15.42296,16.85311,15.06543,0.08165723
1.23767E+18,19.40029,16.46307,16.04705,17.42026,15.70894,0.08175502
1.23765E+18,19.4606,16.52113,16.09818,17.4721,15.77304,0.08188177
1.23765E+18,17.9466,15.26299,14.85332,16.14874,14.56401,0.08189387
1.23767E+18,18.40161,15.45212,15.01493,16.40783,14.65723,0.08192924
1.23765E+18,19.37717,16.66917,16.21968,17.57997,15.87863,0.08216152
1.23765E+18,18.04593,15.7835,15.34532,16.52604,15.02806,0.08266269
1.23767E+18,20.21412,17.30952,16.86958,18.2531,16.51164,0.08312489
1.23765E+18,19.88767,17.0904,16.70033,17.96338,16.4135,0.08323594
1.23765E+18,19.93732,17.12039,16.63076,18.15646,16.25977,0.08381765
1.23765E+18,19.3272,16.33996,15.90287,17.31053,15.54023,0.08400331
1.23767E+18,19.89984,17.28735,16.79545,18.21943,16.41634,0.08410374
1.23767E+18,20.03093,17.25456,16.83792,18.18266,16.51017,0.08435579
1.23765E+18,19.00338,16.17755,15.77007,17.07707,15.44119,0.08476318
1.23765E+18,20.02348,17.28378,16.90218,18.2029,16.54949,0.08490854
1.23767E+18,18.73553,15.92397,15.3986,16.83821,15.04706,0.08509616
1.23767E+18,18.24487,15.38956,14.96323,16.31283,14.68069,0.08527029
1.23765E+18,19.08097,16.03858,15.60562,16.97867,15.27561,0.0855497
1.23765E+18,19.50043,16.67795,16.23649,17.63478,15.87566,0.0857684
1.23765E+18,19.86133,16.90679,16.47931,17.87453,16.10444,0.08656619
1.23767E+18,18.53341,15.40306,14.97038,16.45227,14.60351,0.09243958
1.23767E+18,18.85728,15.87606,15.44092,16.84245,15.07524,0.09395093
1.23765E+18,19.76196,16.65547,16.20892,17.65461,15.8475,0.09397519
1.23767E+18,19.17602,16.36161,15.94698,17.31617,15.60241,0.09409438
1.23765E+18,19.76433,16.4317,15.93675,17.53522,15.52497,0.09409562
1.23767E+18,20.26931,17.42555,16.99549,18.31934,16.69897,0.09436972
1.23767E+18,19.82659,16.89634,16.36429,17.80525,16.0158,0.09491483
1.23767E+18,19.19097,16.57178,16.21829,17.41744,15.9202,0.09527272
1.23767E+18,19.43625,16.39653,15.96333,17.3932,15.62409,0.09539797
1.23767E+18,19.81528,16.8727,16.46332,17.8351,16.1341,0.09558997
1.23767E+18,19.42996,17.29695,16.89937,17.936,16.65669,0.09700327
1.23767E+18,19.53875,16.50995,16.03334,17.53898,15.67245,0.0985812
1.23767E+18,19.87186,16.98794,16.52211,17.99832,16.13522,0.09901275
1.23765E+18,19.42961,16.47305,16.05398,17.47423,15.69512,0.1018424
1.23767E+18,20.35408,17.97304,17.5746,18.6852,17.30155,0.1024405
1.23765E+18,19.02739,16.27264,15.8399,17.1735,15.52548,0.1029183
1.23767E+18,20.11332,17.43545,17.0318,18.38045,16.69519,0.1032288
1.23765E+18,19.74415,16.99294,16.50989,17.94677,16.11959,0.1038899
1.23767E+18,21.50596,18.39211,17.94153,19.39524,17.52605,0.1043577
1.23765E+18,19.4206,16.43345,15.9979,17.44215,15.61856,0.1043807
1.23765E+18,19.97367,17.17517,16.63025,18.18896,16.24813,0.1044149
1.23767E+18,20.11062,17.38294,16.9605,18.34753,16.62543,0.10483
1.23765E+18,19.32931,16.43894,15.99828,17.40617,15.64796,0.1050387
1.23765E+18,19.38721,16.51007,16.0798,17.48886,15.71995,0.1050408
1.23765E+18,20.60697,17.61054,17.19572,18.59653,16.85587,0.1050725
1.23767E+18,19.96953,16.90502,16.47756,17.92871,16.0851,0.105237
1.23765E+18,20.02116,17.08841,16.64123,18.06896,16.30938,0.1055758
1.23767E+18,20.83426,17.58353,17.1678,18.55733,16.83373,0.1056141
1.23765E+18,20.1311,16.93082,16.4898,17.96851,16.12794,0.10595
1.23767E+18,18.90126,15.96767,15.53626,16.98055,15.17119,0.1061513
1.23767E+18,18.85425,15.97866,15.54699,16.9846,15.17873,0.1062687
1.23767E+18,18.83123,16.1313,15.67366,17.079,15.31291,0.1063259
1.23765E+18,20.73281,17.69861,17.26708,18.68253,16.92055,0.1064471
1.23767E+18,19.60683,16.76486,16.32321,17.78399,15.99228,0.1066616
1.23767E+18,19.5007,16.65071,16.24476,17.77321,15.81396,0.1066707
1.23765E+18,19.69543,16.6272,16.18556,17.65656,15.80273,0.1066857
1.23765E+18,19.68798,16.80333,16.38377,17.79238,16.00445,0.1069132
1.23767E+18,20.63441,17.5633,17.14395,18.59456,16.77801,0.1069745
1.23765E+18,18.57982,15.73669,15.31252,16.6956,14.94907,0.1071919
1.23765E+18,19.00153,15.87448,15.44554,16.91901,15.11299,0.1072874
1.23765E+18,20.3663,17.66621,17.25401,18.61054,16.91048,0.1076606
1.23765E+18,20.11276,17.2301,16.78471,18.2266,16.43308,0.1076671
1.23765E+18,19.67413,16.74007,16.27748,17.69715,15.90477,0.1081091
1.23767E+18,19.49342,16.38884,15.96225,17.38488,15.61419,0.1081821
1.23767E+18,19.53019,16.5779,16.13643,17.56098,15.79338,0.1082269
1.23765E+18,18.7316,16.32709,15.90482,17.16929,15.58347,0.1082572
1.23767E+18,20.47455,17.5844,17.17049,18.56225,16.82922,0.1083771
1.23767E+18,19.48153,16.42556,15.99806,17.4294,15.66734,0.1083817
1.23765E+18,18.62566,16.21627,15.79984,17.04097,15.50732,0.1084199
1.23765E+18,21.23579,17.62892,17.027,18.70251,16.69348,0.1088364
1.23765E+18,20.08202,16.97005,16.51754,17.96983,16.16956,0.1089733
1.23767E+18,20.22325,17.19318,16.78482,18.15469,16.4563,0.1089786
1.23767E+18,19.92386,17.01004,16.60164,17.96924,16.26545,0.1090343
1.23767E+18,19.8588,17.39707,16.95597,18.27807,16.63689,0.1091596
1.23765E+18,19.8151,16.82938,16.41791,17.81467,16.05527,0.1092479
1.23765E+18,20.20541,17.06519,16.61169,18.09222,16.24739,0.1093337
1.23767E+18,20.3811,17.37587,16.90612,18.4046,16.51622,0.1093492
1.23765E+18,20.11629,17.62186,17.29191,18.46281,16.99692,0.1093556
1.23765E+18,20.10549,16.93062,16.48641,17.96425,16.15137,0.1095285
1.23765E+18,19.56958,16.62087,16.14979,17.62617,15.73801,0.1097064
1.23767E+18,20.65676,17.66438,17.24192,18.70965,16.90392,0.1100556
1.23767E+18,19.13472,16.38429,15.9188,17.40071,15.52676,0.1103917
1.23767E+18,19.27779,16.44883,16.00337,17.4439,15.65262,0.1106062
1.23765E+18,19.3444,16.61515,16.23148,17.5352,15.90975,0.1108167
1.23765E+18,20.26245,17.19281,16.77389,18.19995,16.403,0.1112607
1.23767E+18,18.99228,16.03075,15.61223,17.02254,15.28351,0.1121517
1.23767E+18,20.56209,17.36259,16.89204,18.41956,16.51743,0.1132491
1.23767E+18,20.09971,16.99647,16.54608,18.03778,16.22775,0.1148146
1.23765E+18,20.70156,17.73837,17.31803,18.73402,16.96939,0.1149253
1.23767E+18,19.88169,17.08932,16.62814,18.0553,16.36002,0.1157212
1.23767E+18,19.54419,16.44124,16.00796,17.45011,15.67303,0.1164025
1.23767E+18,21.06019,18.05294,17.53154,19.15467,17.146,0.1173923
1.23765E+18,20.33721,17.60141,17.16984,18.58711,16.82226,0.1182282
1.23767E+18,19.37257,16.55586,16.07636,17.53227,15.69279,0.1182645
1.23765E+18,20.48529,17.46005,17.00352,18.46833,16.6514,0.1187184
1.23765E+18,20.26977,17.47722,17.03518,18.50082,16.6845,0.1189394
1.23767E+18,18.99982,16.01301,15.58299,17.04153,15.22669,0.1190529
1.23765E+18,19.65106,16.57663,16.12663,17.64081,15.75204,0.1202664
1.23765E+18,20.64364,17.55895,17.10459,18.62242,16.71869,0.1206068
1.23765E+18,20.3506,17.41769,16.96864,18.47697,16.59788,0.1206789
1.23765E+18,20.86552,17.77667,17.37152,18.78489,17.07175,0.1207138
1.23765E+18,19.15526,16.25028,15.83435,17.25218,15.49889,0.1209014
1.23767E+18,19.21417,16.62739,16.26782,17.44111,15.9787,0.1210996
1.23767E+18,19.48159,16.44559,15.99506,17.49679,15.63777,0.1211777
1.23765E+18,20.08775,16.93199,16.4582,17.99889,16.06341,0.1216312
1.23765E+18,18.97649,16.75074,16.34924,17.35101,16.02449,0.1222394
1.23765E+18,19.955,17.31964,16.85468,18.2492,16.51151,0.1230024
1.23765E+18,19.91776,16.72541,16.30199,17.81027,15.92289,0.1244486
1.23767E+18,19.98631,16.80129,16.31474,17.8584,15.93824,0.124537
1.23765E+18,20.17483,17.14441,16.73128,18.18319,16.37246,0.1248179
1.23767E+18,18.97946,16.65634,16.21597,17.5121,15.89467,0.124821
1.23767E+18,20.25795,17.3691,16.87278,18.45968,16.50765,0.1250698
1.23765E+18,19.78697,16.58889,16.07994,17.76209,15.64151,0.1250898
1.23765E+18,19.15168,17.40442,16.85772,18.04506,16.76535,0.1250918
1.23765E+18,19.20797,16.69723,16.29304,17.58644,15.9801,0.1252062
1.23767E+18,19.80926,17.25852,16.83542,18.21077,16.49114,0.125621
1.23765E+18,19.59906,16.55051,16.11712,17.62351,15.74296,0.125779
1.23767E+18,19.71202,16.96923,16.53849,17.95629,16.18073,0.1259422
1.23765E+18,20.78489,17.57999,17.14202,18.64273,16.75022,0.126
1.23765E+18,21.14874,18.78078,18.31119,19.66724,17.7002,0.1261836
1.23767E+18,20.80347,17.4094,16.94136,18.4677,16.52983,0.126273
1.23767E+18,19.68443,16.79455,16.35576,17.83924,15.99012,0.126528
1.23765E+18,19.82584,17.04848,16.62231,18.06018,16.22571,0.1266351
1.23765E+18,19.86198,16.4575,16.00482,17.56833,15.64223,0.1268452
1.23765E+18,20.02216,17.41205,16.98553,18.33386,16.65742,0.1268945
1.23767E+18,21.08308,17.91987,17.413,18.9593,16.99519,0.1272706
1.23767E+18,19.9173,16.97089,16.51712,18.01119,16.1333,0.1273727
1.23767E+18,19.82694,17.03295,16.62166,18.0364,16.27277,0.1277863
1.23767E+18,20.5567,17.7446,17.31848,18.76124,16.92315,0.1278199
1.23765E+18,20.03736,16.95009,16.52234,18.00624,16.13736,0.1281392
1.23767E+18,19.69778,17.21329,16.72513,18.15871,16.38235,0.1285746
1.23765E+18,19.95908,16.90474,16.4585,17.95473,16.08959,0.1289537
1.23767E+18,19.77579,17.30503,16.83545,18.23128,16.48321,0.1294345
1.23765E+18,20.59994,17.55824,17.12184,18.59957,16.74269,0.1296097
1.23765E+18,20.08237,16.85785,16.40035,17.94555,16.06484,0.1296634
1.23767E+18,20.86003,17.60807,17.17385,18.63935,16.81994,0.1297003
1.23765E+18,20.42028,17.25107,16.8254,18.31702,16.46039,0.1299689
1.23767E+18,19.49646,16.34287,15.91388,17.43833,15.55494,0.1300412
1.23765E+18,20.02476,17.03318,16.62168,18.05978,16.25093,0.1300647
1.23765E+18,19.77279,17.1924,16.72597,18.15687,16.39187,0.1301625
1.23767E+18,21.05075,17.711,17.22014,18.85789,16.79338,0.1302893
1.23767E+18,19.9769,17.13811,16.60959,18.15336,16.21294,0.1303898
1.23767E+18,20.25859,17.32746,16.90041,18.41697,16.55255,0.1305996
1.23765E+18,20.05721,17.32942,16.94313,18.2973,16.61037,0.1306424
1.23767E+18,20.64834,17.64343,17.19242,18.75192,16.79581,0.1307785
1.23765E+18,20.0375,16.86278,16.40221,17.9733,16.00694,0.1308018
1.23767E+18,20.82452,17.68992,17.23656,18.75417,16.91343,0.1308324
1.23765E+18,20.50777,17.55297,17.11478,18.54513,16.79022,0.130873
1.23765E+18,20.46677,17.60682,17.17009,18.62086,16.83156,0.1309584
1.23767E+18,18.76218,15.94498,15.48479,16.92337,15.1515,0.1310893
1.23767E+18,19.81211,16.38815,15.93611,17.51796,15.54394,0.1311642
1.23767E+18,20.61077,17.57498,17.12231,18.62606,16.77285,0.1311904
1.23765E+18,20.47843,17.55049,17.11689,18.59081,16.77705,0.1312095
1.23765E+18,20.02878,17.08737,16.64679,18.15235,16.2963,0.1312131
1.23767E+18,20.26008,17.0166,16.50058,18.16082,16.08378,0.131344
1.23767E+18,20.07566,17.19809,16.76104,18.24284,16.40236,0.1314858
1.23765E+18,19.94577,17.44593,16.99103,18.36862,16.69998,0.1315659
1.23765E+18,20.08997,17.13705,16.72487,18.18062,16.37017,0.1315689
1.23767E+18,20.55843,17.18751,16.68267,18.36037,16.23473,0.1319108
1.23765E+18,20.34624,17.03712,16.56496,18.16969,16.13541,0.1320309
1.23765E+18,19.35856,16.27258,15.83168,17.40736,15.46183,0.1321506
1.23767E+18,20.47905,17.34694,16.90088,18.39943,16.55754,0.132369
1.23765E+18,18.60416,16.10601,15.6847,17.00442,15.41786,0.1324044
1.23765E+18,19.40972,16.17371,15.74147,17.21497,15.37549,0.1325214
1.23765E+18,20.3346,17.25833,16.81286,18.33173,16.48324,0.1326017
1.23767E+18,20.49878,17.4733,17.02705,18.54162,16.66998,0.1332267
1.23767E+18,19.61443,16.91212,16.42633,17.94081,16.04867,0.1334892
1.23765E+18,19.69433,17.8342,17.40942,18.50108,17.19047,0.1335168
1.23765E+18,20.03222,16.98455,16.53631,18.09249,16.14453,0.1338653
1.23765E+18,20.41449,17.69141,17.2974,18.65334,16.97588,0.1354417
1.23765E+18,20.72964,17.40466,16.94909,18.44619,16.6193,0.1384239
1.23767E+18,19.40153,16.49548,16.05737,17.58559,15.71102,0.1396352
1.23765E+18,20.27024,17.51665,17.05577,18.43671,16.74027,0.1396517
1.23765E+18,20.61417,17.60568,17.15932,18.65564,16.79446,0.139797
1.23767E+18,19.63055,17.21882,16.76786,18.13011,16.41926,0.1406939
1.23767E+18,20.27514,17.45781,16.97898,18.31891,16.62654,0.1407882
1.23767E+18,19.11518,16.87226,16.40429,17.73,16.08443,0.1414765
1.23765E+18,20.16155,17.06374,16.59474,18.23092,16.22966,0.143512
1.23765E+18,20.40046,17.55414,17.11016,18.56495,16.7716,0.1449492
1.23767E+18,19.78022,16.51392,16.04402,17.64406,15.67865,0.1454952
1.23767E+18,20.38058,17.65338,17.16492,18.6504,16.78864,0.1458627
1.23765E+18,20.80565,17.54081,17.07995,18.66693,16.74408,0.145929
1.23765E+18,20.53828,17.60084,17.11755,18.69005,16.77566,0.1461167
1.23767E+18,20.28867,17.17211,16.70622,18.28756,16.3333,0.1466182
1.23767E+18,20.88533,17.66534,17.21648,18.76686,16.88032,0.146759
1.23765E+18,20.24324,17.49378,16.9876,18.54833,16.58828,0.1473231
1.23767E+18,20.20033,17.2518,16.81869,18.26993,16.50309,0.1473342
1.23767E+18,20.12802,17.1883,16.75224,18.27607,16.38019,0.1473754
1.23765E+18,20.50427,17.39967,16.94951,18.49092,16.62622,0.1497252
1.23767E+18,19.35818,16.46856,15.95064,17.48409,15.63583,0.1500178
1.23767E+18,20.58849,17.7102,17.26733,18.78906,16.91467,0.1506487
1.23765E+18,20.49788,17.62294,17.16777,18.72406,16.78789,0.1511658
1.23765E+18,20.35823,17.14202,16.68827,18.29333,16.28588,0.1516144
1.23765E+18,19.9794,17.53115,17.08739,18.44297,16.74938,0.1517013
1.23767E+18,20.40352,17.28742,16.79345,18.49375,16.37454,0.1521097
1.23767E+18,20.93479,17.5966,17.17072,18.6862,16.84544,0.1523647
1.23765E+18,19.4666,16.39697,15.95339,17.53652,15.61715,0.1579932
1.23767E+18,20.45755,17.54312,17.07811,18.7155,16.62469,0.1599338
1.23767E+18,21.19515,17.43897,16.95862,18.65782,16.54146,0.160924
1.23767E+18,20.56422,17.46907,17.02003,18.60021,16.70077,0.1613978
1.23767E+18,20.48214,17.20418,16.73652,18.34579,16.39985,0.1621278
1.23767E+18,21.05879,18.44169,17.96448,19.35489,17.61774,0.1624981
1.23765E+18,20.54648,17.12888,16.65572,18.27437,16.3336,0.1628091
1.23765E+18,18.61658,16.62008,16.24378,17.37561,15.94464,0.1628183
1.23765E+18,21.59976,18.26475,17.69862,19.42961,17.22655,0.162943
1.23765E+18,20.50369,17.01759,16.53623,18.23083,16.16943,0.1630622
1.23767E+18,19.55049,17.452,17.03969,18.23012,16.78673,0.1634419
1.23765E+18,21.05395,17.84253,17.3737,19.05439,16.99981,0.1635516
1.23765E+18,20.50992,17.51601,17.01897,18.55446,16.68941,0.163627
1.23765E+18,21.9681,18.60705,18.17576,19.79541,17.78175,0.1637342
1.23767E+18,20.70756,17.7287,17.25513,18.82818,16.91783,0.1639157
1.23765E+18,20.09898,16.77603,16.30743,17.97851,15.95677,0.1643923
1.23765E+18,20.44687,17.10212,16.6072,18.26374,16.24818,0.1645887
1.23765E+18,19.85011,17.38474,16.94851,18.29314,16.64086,0.1647236
1.23765E+18,23.38663,19.85005,19.44228,20.87536,19.09519,0.1648915
1.23765E+18,19.29219,16.86847,16.42362,17.9463,16.08841,0.1651028
1.23765E+18,20.85944,17.70128,17.22131,18.88059,16.82751,0.165309
1.23765E+18,20.27505,17.19077,16.72217,18.32511,16.38948,0.1653372
1.23765E+18,19.72718,16.36459,15.90742,17.63301,15.59486,0.1656666
1.23767E+18,21.38568,17.65627,17.70444,18.9472,16.84111,0.166103
1.23765E+18,20.95697,17.64563,17.13022,18.77707,16.78577,0.1661376
1.23765E+18,21.01267,17.65524,17.19259,18.82724,16.82783,0.1666348
1.23767E+18,20.14484,17.0406,16.56571,18.24199,16.22498,0.1667884
1.23767E+18,19.82278,17.20354,16.72295,18.27878,16.32819,0.1668172
1.23765E+18,19.35711,15.97302,15.4946,17.24314,15.11927,0.1669385
1.23765E+18,20.27436,16.96156,16.48298,18.14085,16.14674,0.1671535
1.23767E+18,20.20142,17.04565,16.57977,18.19114,16.22769,0.1675235
1.23767E+18,21.21731,17.47731,16.99238,18.67988,16.59002,0.1677295
1.23765E+18,20.24885,17.02245,16.5202,18.25982,16.18198,0.1678391
1.23765E+18,20.72419,17.44414,16.9415,18.63802,16.52728,0.168108
1.23765E+18,20.42553,17.84381,17.38885,18.83966,17.05873,0.168251
1.23765E+18,20.89505,17.31306,16.76277,18.6035,16.38995,0.1683328
1.23765E+18,20.88582,17.76404,17.28057,18.91639,16.94166,0.1683727
1.23765E+18,20.54423,17.42533,16.91929,18.60278,16.56807,0.168568
1.23765E+18,19.69131,16.55649,16.09995,17.71016,15.74558,0.1685821
1.23767E+18,20.42157,17.67098,17.17169,18.81536,16.79827,0.1687199
1.23765E+18,19.57471,17.51641,17.15502,18.15606,16.92661,0.1688994
1.23765E+18,20.22606,16.73754,16.25764,17.99727,15.90898,0.1689182
1.23767E+18,20.98189,17.80194,17.32218,18.98387,16.98058,0.1690468
1.23767E+18,20.45049,17.59237,17.12429,18.66987,16.79354,0.169179
1.23767E+18,20.54024,17.12999,16.63947,18.38865,16.2847,0.1691982
1.23767E+18,19.41916,16.63454,16.17327,17.7503,15.88194,0.169245
1.23765E+18,19.55601,16.55466,16.05047,17.66366,15.69415,0.1693009
1.23767E+18,19.82093,17.6955,17.27286,18.54926,16.9191,0.1694648
1.23765E+18,19.6043,16.45727,15.97092,17.67173,15.60409,0.1695047
1.23767E+18,20.79909,17.26181,16.77776,18.4597,16.40855,0.1695229
1.23765E+18,21.13529,17.90847,17.38075,19.14179,16.99253,0.1696709
1.23765E+18,20.43715,17.26918,16.79877,18.44434,16.47401,0.1701309
1.23767E+18,20.30677,17.40084,16.8953,18.47331,16.53794,0.1717175
1.23765E+18,20.33724,16.98306,16.50417,18.22202,16.17925,0.172252
1.23765E+18,20.7386,17.14538,16.68133,18.34174,16.29614,0.1729795
1.23767E+18,20.29962,17.59751,17.09573,18.55296,16.78023,0.1740395
1.23765E+18,20.64577,17.88507,17.38923,19.05756,17.03539,0.1743532
1.23765E+18,19.86748,17.06814,16.55983,18.20101,16.19882,0.1747471
1.23767E+18,20.93615,17.21671,16.72149,18.43338,16.35645,0.1754213
1.23767E+18,21.10637,17.92657,17.45819,19.12452,17.09874,0.1756153
1.23765E+18,20.64524,17.4798,16.99485,18.71674,16.60874,0.1767099
1.23765E+18,19.90973,16.49334,15.98092,17.73716,15.62816,0.1782399
1.23767E+18,20.37148,17.08523,16.59007,18.35967,16.19323,0.1782645
1.23767E+18,20.87399,17.19555,16.72273,18.41977,16.35408,0.178575
1.23765E+18,21.395,17.50521,16.95202,18.85842,16.50234,0.1786333
1.23767E+18,21.59399,17.47445,16.99486,18.67117,16.64579,0.1786593
1.23765E+18,19.63902,16.96431,16.45137,18.10436,16.063,0.1787375
1.23767E+18,22.48622,19.21987,18.66879,20.41407,18.27448,0.1792205
1.23767E+18,20.68196,17.60072,17.13278,18.83534,16.81777,0.1792283
1.23767E+18,20.87344,17.5241,17.0249,18.76089,16.67399,0.1793208
1.23767E+18,20.79374,17.2929,16.77415,18.57426,16.39411,0.1796427
1.23767E+18,20.60833,17.65265,17.12132,18.82871,16.762,0.1936613
1.23765E+18,21.00998,17.63721,17.16335,18.91158,16.79078,0.1969183
1.23765E+18,20.87271,17.32179,16.80943,18.63764,16.46298,0.1983512
1.23767E+18,20.00105,17.53778,17.05137,18.56611,16.7023,0.1985256
1.23767E+18,20.32646,17.43764,16.97607,18.63098,16.6516,0.1995314
1.23765E+18,21.1411,17.57916,17.09851,18.8912,16.73497,0.1995403
1.23765E+18,21.44771,17.77194,17.24939,19.12243,16.88174,0.1995567
1.23765E+18,20.90355,17.258,16.76426,18.55408,16.40467,0.1996435
1.23765E+18,20.75667,17.61551,17.15751,18.93408,16.75844,0.1999324
1.23765E+18,20.35558,17.59685,17.11031,18.6884,16.8311,0.2000254
1.23767E+18,20.57857,17.48447,16.98795,18.79605,16.6248,0.2001802
1.23765E+18,20.85021,17.61203,17.12601,18.90871,16.79247,0.2002206
1.23765E+18,19.95776,16.69182,16.18129,18.02189,15.82901,0.2004199
1.23765E+18,20.9948,17.53537,17.03462,18.88939,16.64145,0.2011528
1.23765E+18,21.1395,17.54728,17.01772,18.92302,16.68626,0.2018754
1.23765E+18,21.20539,18.02982,17.5023,19.31872,17.17197,0.2020522
1.23765E+18,20.39164,17.27672,16.82824,18.48366,16.46981,0.2025895
1.23767E+18,21.36983,17.33563,16.7196,18.70221,16.28149,0.2030269
1.23767E+18,24.43369,21.93555,21.63972,22.06829,22.85881,0.2032114
1.23767E+18,20.99124,17.62948,17.14495,18.94911,16.75924,0.2034241
1.23767E+18,21.06739,17.76338,17.28128,19.06402,16.97188,0.205534
1.23765E+18,20.68829,17.49039,16.8919,18.81942,16.61176,0.2082506
1.23765E+18,19.50778,18.0637,17.64402,18.86901,17.52279,0.2088553
1.23767E+18,21.41566,17.58119,17.08257,18.92679,16.73829,0.209981
1.23767E+18,20.63834,17.47113,16.98407,18.80438,16.65944,0.2103031
1.23765E+18,21.18269,17.79975,17.25742,19.14753,16.85831,0.2143535
1.23767E+18,21.51192,18.04634,17.52279,19.58646,17.1372,0.226077
1.23767E+18,21.11783,17.66568,17.10638,19.04787,16.67813,0.2263093
1.23767E+18,21.12751,17.5269,16.99523,18.95653,16.65268,0.2263903
1.23767E+18,22.22312,18.0822,17.49887,19.54983,17.08435,0.2264395
1.23767E+18,26.15702,17.98753,17.38955,19.39013,16.99902,0.2269419
1.23765E+18,22.06923,17.96737,17.40604,19.31655,17.05423,0.227271
1.23767E+18,21.77844,18.31795,17.84968,19.63497,17.53004,0.2272888
1.23767E+18,20.90443,17.61865,17.13426,18.86332,16.88424,0.227986
1.23767E+18,22.91477,18.72786,18.21309,20.14796,18.00595,0.2356698
1.23767E+18,20.26478,17.14811,16.56893,18.58868,16.20782,0.2419445
1.23767E+18,20.82845,17.55354,17.02263,19.00316,16.68391,0.2426698
1.23767E+18,20.14695,17.654,17.15854,18.68158,16.81311,0.2438032
1.23767E+18,21.56924,17.60765,17.04235,19.1279,16.79926,0.2454045
1.23765E+18,22.17336,17.759,17.23295,19.17099,16.92865,0.2460785
1.23767E+18,23.34217,21.31066,21.39086,21.88853,20.98333,0.246603
1.23765E+18,21.53221,16.98075,16.4194,18.47534,16.14939,0.2470216
1.23765E+18,21.28369,17.83885,17.3233,19.28901,16.91911,0.2482417
1.23765E+18,21.56643,17.71831,17.17845,19.13268,16.79911,0.2489101
1.23767E+18,20.82754,16.68121,16.13231,18.20797,15.82071,0.2489565
1.23765E+18,22.17927,18.41791,17.84184,20.02177,17.46263,0.2492545
1.23765E+18,21.18045,18.02259,17.46899,19.45454,17.11291,0.2493847
1.23765E+18,21.41895,17.56411,17.04963,19.02714,16.73153,0.2510791
1.23767E+18,20.38341,17.19629,16.66369,18.64407,16.30295,0.2531746
1.23765E+18,21.53524,17.98426,17.44976,19.42483,17.11816,0.2541348
1.23765E+18,21.15808,19.59445,18.80946,20.22851,18.49061,0.2546733
1.23765E+18,20.74639,17.82121,17.30674,19.06959,16.98759,0.2551003
1.23767E+18,22.64408,18.36783,17.72463,19.91121,17.24928,0.2555275
1.23765E+18,23.10255,18.14886,17.60505,19.63729,17.25199,0.2560571
1.23767E+18,20.79396,16.615,16.07277,18.16532,15.74245,0.2562974
1.23767E+18,21.55164,17.50872,16.93066,19.00202,16.5764,0.2571225
1.23765E+18,22.69623,19.50901,18.92813,21.03273,18.58574,0.2574528
1.23765E+18,21.33298,17.6419,17.08652,19.16799,16.70711,0.2580332
1.23767E+18,21.56919,18.11805,17.58419,19.63821,17.24025,0.2583476
1.23765E+18,22.4938,17.52386,16.97611,19.01775,16.63792,0.2584586
1.23767E+18,21.58643,17.5368,16.98933,19.10874,16.66302,0.2588475
1.23767E+18,20.66605,17.49274,16.94636,18.99526,16.575,0.259261
1.23767E+18,27.59548,18.55733,17.96851,20.09627,17.58725,0.259335
1.23767E+18,21.27868,17.34974,16.80617,18.90245,16.44768,0.2601052
1.23767E+18,21.8551,18.20407,17.59147,19.78539,17.17164,0.2606793
1.23765E+18,21.69759,18.12013,17.57236,19.60849,17.17161,0.2619513
1.23767E+18,22.82162,17.86449,17.29144,19.43665,16.88694,0.2632965
1.23767E+18,24.999,18.09105,17.53015,19.60488,17.14431,0.2635543
1.23767E+18,21.32304,17.94473,17.368,19.41167,17.03858,0.265351
1.23765E+18,21.5393,18.14963,17.5778,19.64942,17.23375,0.2702594
1.23765E+18,21.52405,18.07386,17.57183,19.62205,17.22887,0.2710081
1.23767E+18,22.06512,18.14146,17.59851,19.66862,17.2079,0.2718964
1.23767E+18,23.19124,20.35611,19.51635,21.49721,18.97555,0.2761872
1.23765E+18,22.5795,18.39288,17.79325,19.93327,17.41373,0.2778998
1.23767E+18,21.7246,17.37444,17.04435,18.81704,16.69011,0.2815042
1.23767E+18,21.75321,18.29553,17.64766,19.85138,17.165,0.2823618
1.23765E+18,21.15743,17.72168,17.14713,19.22004,16.78208,0.2830647
1.23767E+18,21.38104,18.40154,17.84447,19.94725,17.47563,0.3016889
1.23765E+18,23.45826,18.7388,18.1545,20.46567,17.85971,0.3117982
1.23765E+18,21.41659,18.27046,17.68899,19.69794,17.24117,0.3153692
1.23767E+18,21.42578,18.20654,17.61475,19.82427,17.2207,0.3245103
1.23765E+18,22.03189,18.45781,17.88509,20.02907,17.53135,0.3249752
1.23767E+18,22.55321,18.67325,18.05727,20.41195,17.7314,0.3258387
1.23765E+18,22.04435,18.5852,17.94754,20.32325,17.61067,0.3266493
1.23765E+18,23.25354,18.7148,18.10564,20.33344,17.62281,0.3266855
1.23765E+18,22.29045,18.2005,17.65135,19.90997,17.24032,0.3282038
1.23765E+18,22.07255,18.30873,17.68171,20.0057,17.45986,0.3282265
1.23765E+18,22.20297,19.20428,18.59624,21.0449,18.06412,0.3307503
1.23765E+18,22.03446,18.48601,17.90164,20.08032,17.52511,0.3321209
1.23765E+18,22.41603,20.46845,19.52109,21.43988,19.00325,0.3321811
1.23765E+18,22.71114,18.77661,18.22424,20.40593,17.85774,0.3329056
1.23767E+18,22.82298,18.381,17.77768,20.06993,17.44105,0.3332373
1.23767E+18,23.95476,20.22687,19.56348,22.1,19.18086,0.3345103
1.23765E+18,22.02269,19.13531,18.47002,20.83548,18.10241,0.3355339
1.23767E+18,22.73797,19.14454,18.61266,20.86789,18.19956,0.3387481
1.23767E+18,22.73244,19.18949,18.58932,20.95846,18.19972,0.3432168
1.23765E+18,22.96185,19.28893,18.62221,21.03111,18.2462,0.3442246
1.23765E+18,22.03664,18.82575,18.18319,20.48885,17.79176,0.3488247
1.23765E+18,24.81702,18.92282,18.33733,20.69182,17.93997,0.3499864
1.23765E+18,22.3122,18.77323,18.14841,20.52292,17.78149,0.3552838
1.23765E+18,22.86476,18.90252,18.25977,20.70162,17.82524,0.3568548
1.23765E+18,23.07891,19.24715,18.56801,21.11735,18.11756,0.3590023
1.23767E+18,21.49184,19.3488,18.6643,21.14416,18.28666,0.3624189
1.23765E+18,24.235,19.5426,18.90768,21.52421,18.59582,0.3640821
1.23767E+18,23.34637,18.81116,18.16708,20.58899,17.80672,0.3683155
1.23765E+18,25.13306,19.06279,18.40524,20.90437,17.9279,0.3710584
1.23765E+18,24.62017,18.95195,18.33632,20.62527,17.98015,0.3712365
1.23767E+18,22.97009,19.0291,18.41865,20.84424,18.03968,0.3715898
1.23765E+18,22.06132,18.44956,17.83916,19.97428,17.52074,0.3719501
1.23765E+18,22.64906,19.3041,18.62238,21.0932,18.09742,0.3719601
1.23765E+18,23.02719,19.43631,18.82065,21.32023,18.38391,0.3721831
1.23765E+18,22.80211,18.77657,18.11393,20.41516,17.76987,0.3726117
1.23767E+18,24.34033,18.74521,18.11386,20.58418,17.71328,0.3746112
1.23765E+18,24.9325,18.6777,17.95801,20.40755,17.48417,0.3753806
1.23765E+18,24.04637,18.81877,18.1774,20.64913,17.69923,0.3759317
1.23765E+18,24.57875,19.40245,18.72347,21.44386,18.13941,0.3773565
1.23765E+18,23.89147,19.05271,18.42415,20.95472,18.03159,0.3776813
1.23767E+18,22.9378,18.81613,18.21119,20.56817,17.78938,0.3783232
1.23767E+18,21.66923,18.87171,18.23068,20.58085,17.806,0.3797264
1.23765E+18,21.74206,18.73659,18.13368,20.40481,17.69069,0.380594
1.23765E+18,23.57065,19.29863,18.73899,21.24,18.35287,0.3821535
1.23765E+18,24.68616,19.85013,19.3023,21.5943,19.12284,0.384438
1.23765E+18,25.81172,19.20638,18.55351,20.93298,18.06532,0.3919429
1.23767E+18,26.20153,19.17914,18.50303,20.93546,18.09715,0.3954042
1.23767E+18,22.46133,18.89752,18.26019,20.6467,17.83,0.3960547
1.23765E+18,22.19621,18.95329,18.31183,20.78399,17.91013,0.3992973
1.23765E+18,22.72254,19.2879,18.57148,21.19894,18.20651,0.3997612
1.23765E+18,23.0801,19.35271,18.68949,21.19877,18.15178,0.4012745
1.23765E+18,23.72264,19.18015,18.56632,20.9582,18.10803,0.4029066
1.23767E+18,23.89399,19.39912,18.71457,21.10536,18.27711,0.4044918
1.23765E+18,23.59346,19.65683,18.82232,21.43911,18.21942,0.4053989
1.23765E+18,24.32904,19.20155,18.51029,21.11103,18.073,0.4065301
1.23765E+18,23.11018,19.40619,18.73288,21.21026,18.33851,0.4073888
1.23765E+18,21.93372,18.79613,18.07762,20.45904,17.69053,0.4077296
1.23767E+18,23.19655,19.86376,19.15785,21.52481,18.75098,0.4082157
1.23767E+18,24.7451,20.43239,19.69786,22.26246,19.37361,0.4199477
1.23765E+18,22.47453,18.7108,18.00949,20.52362,17.57924,0.4243543
1.23765E+18,23.8299,19.44296,18.71697,21.29614,18.32399,0.4263006
1.23767E+18,25.29831,19.03419,18.26638,20.8288,18.0146,0.4265168
1.23765E+18,25.06189,19.49255,18.76215,21.33803,18.30776,0.4266946
1.23765E+18,25.42126,20.30935,19.459,22.12359,18.99672,0.426831
1.23767E+18,24.24316,19.07362,18.33983,20.97069,17.94059,0.4269673
1.23765E+18,24.00807,19.6379,18.85273,21.40807,18.49203,0.4277189
1.23767E+18,27.14739,19.53283,18.82336,21.21596,18.38466,0.4279236
1.23765E+18,23.15437,19.99891,19.18935,21.74884,18.66117,0.4307648
1.23767E+18,22.41296,19.31587,18.5583,21.17881,18.09328,0.4316097
1.23765E+18,22.56645,20.15606,19.38442,21.80857,18.86144,0.4326364
1.23767E+18,21.50512,18.99802,18.24597,20.69433,17.8901,0.4337572
1.23765E+18,24.17413,20.39175,19.62083,21.92927,19.27304,0.4339855
1.23767E+18,26.57808,19.53206,18.75758,21.30425,18.42626,0.4363414
1.23765E+18,25.4588,19.07874,18.31439,20.78466,17.85629,0.4365958
1.23767E+18,23.08145,20.50967,19.71914,22.12702,19.38272,0.4424192
1.23765E+18,23.81789,20.27176,19.4313,22.07141,19.08396,0.4432625
1.23765E+18,23.58211,19.81385,18.9528,21.52048,18.43274,0.4481656
1.23765E+18,24.30978,19.13042,18.46125,20.82326,18.04073,0.4492569
1.23765E+18,23.88368,19.75918,18.94086,21.51768,18.44132,0.4494893
1.23765E+18,26.09143,19.19157,18.36485,20.86866,17.89642,0.4502213
1.23767E+18,22.37851,20.14589,19.31633,21.71047,18.70642,0.4507183
1.23767E+18,22.17464,19.17286,18.40672,20.92998,17.98805,0.4516097
1.23767E+18,22.75298,19.62673,18.81889,21.41161,18.37572,0.4519474
1.23767E+18,24.11374,19.97853,19.16188,21.72175,18.63585,0.4520462
1.23765E+18,23.3161,19.95125,19.12129,21.57591,18.75629,0.4539187
1.23765E+18,23.50212,19.62655,18.84358,21.29046,18.56102,0.4551544
1.23767E+18,25.69348,20.21788,19.45458,22.35301,18.81328,0.4558691
1.23767E+18,26.88748,19.45903,18.70495,21.09527,18.18221,0.4574731
1.23765E+18,25.25151,20.57291,19.7511,22.26292,19.36352,0.4577431
1.23765E+18,25.84885,19.32968,18.50676,21.21179,18.07724,0.4588729
1.23765E+18,23.34017,19.38902,18.60324,21.24103,18.11304,0.4590859
1.23767E+18,25.70473,20.15144,19.28133,22.05755,18.89173,0.4591201
1.23765E+18,23.03304,20.56489,19.64499,22.2343,19.32696,0.4596933
1.23765E+18,23.3787,20.08981,19.28762,21.7808,18.75637,0.4614717
1.23767E+18,24.36647,20.74259,19.935,22.40176,19.52589,0.4638545
1.23765E+18,24.86666,20.17718,19.38268,21.90962,18.93822,0.4640225
1.23765E+18,23.08992,19.45684,18.64145,21.06851,18.19723,0.4646879
1.23765E+18,23.61155,20.1738,19.39356,21.89263,19.02338,0.467823
1.23765E+18,23.11264,20.09469,19.24976,21.99393,18.71875,0.4680202
1.23765E+18,22.8819,19.33678,18.47407,21.23052,18.05802,0.4688215
1.23767E+18,25.24828,20.6395,19.81088,22.0811,19.38768,0.4689294
1.23765E+18,23.00932,20.1354,19.34783,21.60589,18.86985,0.4694191
1.23765E+18,22.93376,20.12922,19.28286,21.71368,18.92667,0.4698306
1.23765E+18,22.82751,20.43576,19.60613,22.36803,19.02044,0.4699485
1.23765E+18,25.20477,19.88519,19.06701,21.48634,18.67455,0.4699577
1.23767E+18,22.73515,20.08873,19.28375,21.96766,18.89883,0.4703408
1.23767E+18,23.38471,19.99073,19.16045,21.4055,18.66306,0.4743504
1.23765E+18,22.68325,20.23126,19.40036,21.98371,19.0223,0.4745221
1.23765E+18,24.07747,20.52359,19.68214,22.19477,19.10265,0.4747906
1.23767E+18,23.5089,20.3727,19.54948,21.92348,19.04852,0.4752925
1.23765E+18,25.32907,20.56913,19.68931,22.2407,19.0871,0.4757626
1.23765E+18,24.74454,19.77133,18.87508,21.50788,18.40859,0.4761773
1.23765E+18,23.62522,20.74779,19.72802,22.38638,19.48943,0.4765339
1.23767E+18,22.32912,19.39688,18.54061,21.10615,18.01336,0.4825127
1.23765E+18,24.21766,19.55326,18.63153,21.30024,18.28045,0.4828364
1.23765E+18,23.01801,19.93951,19.18176,21.30171,18.61744,0.484087
1.23765E+18,22.51812,19.88129,19.04948,21.43894,18.55288,0.4852822
1.23767E+18,23.92064,20.52668,19.74167,22.18737,19.08195,0.4889655
1.23767E+18,22.70854,20.27893,19.65106,21.68362,19.2053,0.491746
1.23767E+18,25.0258,20.29449,19.3946,22.12451,18.85316,0.4919731
1.23765E+18,24.36794,20.06587,19.10055,21.73323,18.70152,0.4928393
1.23767E+18,25.95984,20.70837,19.96005,22.43308,19.62974,0.4932207
1.23765E+18,25.82522,20.02962,19.09552,21.75974,18.62786,0.4936107
1.23765E+18,23.26144,20.48915,19.6495,22.35333,19.32205,0.4938968
1.23765E+18,25.30712,20.55439,19.57759,22.46265,18.94627,0.4946378
1.23765E+18,24.83936,19.83969,18.97177,21.45686,18.5587,0.4951717
1.23767E+18,22.04201,19.47929,18.50928,21.18014,18.03685,0.4952105
1.23767E+18,25.32441,19.68911,18.86248,21.37217,18.49638,0.495297
1.23765E+18,22.9161,19.82289,18.94695,21.63457,18.49437,0.4979156
1.23765E+18,22.90979,20.26662,19.3971,21.77996,18.86727,0.4989501
1.23765E+18,24.84248,19.946,19.02083,21.56432,18.52382,0.499325
1.23765E+18,23.03807,20.52144,19.68228,22.17802,19.31311,0.4993392
1.23767E+18,23.14632,20.59747,19.90527,21.96791,19.53045,0.4999326
1.23765E+18,26.1092,20.46594,19.56997,22.30446,19.21841,0.5001003
1.23765E+18,23.70325,20.17475,19.21843,22.04983,18.61078,0.5028428
1.23767E+18,26.98978,19.49269,18.54946,21.42423,18.07332,0.503831
1.23765E+18,23.87965,20.97641,20.03229,22.38828,19.61208,0.5061657
1.23765E+18,24.69534,20.35053,19.42277,22.10755,19.00783,0.5065802
1.23765E+18,24.6482,20.03605,19.14111,21.66758,18.69501,0.5088696
1.23767E+18,22.80054,20.5709,19.61222,22.29318,19.16541,0.5102166
1.23765E+18,24.05493,20.45355,19.40407,21.96567,18.88263,0.5106863
1.23765E+18,23.18532,19.96238,18.99758,21.87244,18.60941,0.5114654
1.23767E+18,22.52364,20.30903,19.2923,22.12536,18.7628,0.5133209
1.23767E+18,23.71703,20.23288,19.17494,21.90956,18.75824,0.5133395
1.23765E+18,24.85153,20.55997,19.68156,22.18552,19.32503,0.5136496
1.23767E+18,24.31323,20.28827,19.26455,22.03483,18.7257,0.5137484
1.23767E+18,23.36464,20.85227,19.86179,22.49817,19.53759,0.5157259
1.23765E+18,25.63598,20.46029,19.56904,22.06788,19.20209,0.5165249
1.23765E+18,23.46437,19.90247,18.88834,21.68333,18.40946,0.517284
1.23767E+18,23.49119,20.51957,19.57267,22.29011,19.30382,0.5177991
1.23765E+18,23.41861,19.79494,18.88815,21.53319,18.49498,0.5195426
1.23767E+18,23.0099,20.39382,19.56903,21.95986,19.14678,0.5198585
1.23765E+18,22.13861,19.5414,18.66664,21.25361,18.21095,0.5200508
1.23765E+18,24.40267,20.58873,19.42455,22.50994,18.88698,0.5228362
1.23767E+18,25.88508,20.75361,19.84247,22.38011,19.36329,0.523109
1.23765E+18,24.89142,19.99793,18.96493,21.87096,18.48116,0.5238984
1.23765E+18,25.1175,20.34325,19.32224,21.99723,18.96434,0.5246899
1.23765E+18,25.15482,20.53722,19.5297,22.09089,18.98651,0.5261293
1.23767E+18,24.9678,20.54499,19.49312,22.20242,18.98707,0.5271217
1.23767E+18,25.79155,20.47476,19.51428,21.95137,19.1108,0.5275145
1.23767E+18,24.80975,20.51389,19.53427,22.20793,19.17638,0.528539
1.23765E+18,25.33677,20.75277,19.75558,22.5938,19.36361,0.5304943
1.23767E+18,21.37339,19.47001,18.64198,21.09975,18.13886,0.5308397
1.23765E+18,25.90747,20.18279,19.26945,22.35153,18.63466,0.5316778
1.23767E+18,24.26989,20.39879,19.41604,22.09831,18.7664,0.5318815
1.23767E+18,25.67781,20.1752,19.27372,22.05773,18.80122,0.53189
1.23765E+18,25.74539,20.6261,19.69709,22.13356,19.19616,0.5330001
1.23765E+18,23.22083,20.51059,19.45386,22.15402,18.98518,0.5331534
1.23765E+18,24.49475,20.37038,19.57578,22.10143,19.02283,0.5336066
1.23765E+18,21.30999,19.80183,19.05309,21.09658,18.68288,0.5343936
1.23765E+18,23.12577,21.01204,19.92376,22.70713,19.37965,0.5349241
1.23765E+18,23.38291,20.46146,19.47805,22.21221,18.91973,0.5350945
1.23767E+18,23.22616,20.02509,19.04366,21.94657,18.56616,0.5355043
1.23767E+18,22.73555,20.60648,19.63998,22.34076,19.20502,0.5355294
1.23765E+18,24.36233,20.32683,19.4041,21.87742,18.98724,0.5357095
1.23765E+18,25.84264,20.23177,19.22753,21.94119,18.8506,0.5357936
1.23765E+18,25.39668,20.46439,19.46481,21.78156,19.15393,0.5367122
1.23765E+18,26.3297,20.12253,19.32493,21.90548,18.75706,0.5369039
1.23765E+18,23.92555,20.38464,19.43499,22.28892,18.86654,0.5392032
1.23765E+18,25.23685,19.70578,18.91389,21.26511,18.40178,0.5396082
1.23767E+18,25.39073,20.10786,19.13626,21.63983,18.51411,0.5398502
1.23765E+18,25.14462,20.84308,19.82273,22.41617,19.4511,0.54246
1.23767E+18,24.57169,20.57767,19.53093,22.38619,19.12219,0.5427305
1.23765E+18,24.72491,20.61232,19.59422,22.95557,19.11754,0.5443445
1.23767E+18,23.24301,19.96268,18.91583,21.93765,18.41582,0.5473791
1.23765E+18,24.10903,20.89719,19.70664,22.59473,19.3392,0.5497242
1.23767E+18,24.16845,20.56129,19.56378,22.33151,18.97131,0.5510954
1.23767E+18,24.57796,20.20914,19.46304,21.73528,19.06502,0.5510989
1.23767E+18,24.21361,21.00426,19.9383,22.72103,19.3485,0.5518517
1.23765E+18,23.31017,20.69719,19.78618,22.32058,19.43752,0.5523463
1.23765E+18,24.93262,21.01087,20.02455,22.58399,19.39885,0.5528027
1.23765E+18,24.09014,20.36636,19.37638,21.92051,18.97834,0.5536903
1.23765E+18,23.84457,20.43016,19.62026,21.81502,19.22673,0.5553506
1.23765E+18,24.0517,21.14731,19.97054,22.72296,19.5954,0.55769
1.23767E+18,25.21392,20.32498,19.45436,22.11366,18.96539,0.558529
1.23767E+18,22.95638,20.1075,19.04434,21.82133,18.54065,0.5604707
1.23765E+18,26.58847,19.99918,18.91671,21.68909,18.43325,0.5608768
1.23765E+18,22.91271,20.21528,19.27611,21.67163,18.80008,0.5608954
1.23765E+18,24.1501,20.39257,19.26138,22.10362,18.68262,0.5614785
1.23765E+18,23.11853,20.33668,19.23599,21.92865,18.78954,0.5622796
1.23765E+18,24.51948,20.54622,19.40304,22.19946,18.96106,0.562327
1.23765E+18,24.55381,20.87133,19.82877,22.23049,19.37159,0.5627589
1.23765E+18,23.79347,20.46809,19.51666,22.00699,19.10051,0.5637426
1.23765E+18,21.42349,19.53235,18.68552,20.93942,18.26128,0.5645391
1.23765E+18,24.96094,20.92115,19.86571,22.92146,19.39686,0.565508
1.23767E+18,24.94056,20.83518,19.78635,22.94687,19.37262,0.5655214
1.23767E+18,25.69988,20.47833,19.37393,21.9719,18.85871,0.5656612
1.23765E+18,23.72389,20.75929,19.84699,22.32499,19.31186,0.5662836
1.23765E+18,22.86725,20.63982,19.69799,22.47317,19.24159,0.5671915
1.23765E+18,25.36584,20.84687,19.74109,22.6996,19.2918,0.567705
1.23767E+18,23.1393,20.49751,19.62171,21.93348,19.19726,0.571841
1.23765E+18,23.77553,21.05878,19.88475,22.81213,19.40519,0.5720744
1.23767E+18,25.95007,21.02365,19.96281,22.63687,19.33008,0.5733548
1.23765E+18,24.86429,20.86605,19.88249,22.68719,19.37275,0.5735338
1.23765E+18,25.30495,20.98297,19.96674,22.60272,19.65985,0.574815
1.23767E+18,24.10264,21.00767,19.87121,22.5733,19.45993,0.5760964
1.23765E+18,24.62152,20.26477,19.08755,21.93003,18.71152,0.5763083
1.23765E+18,22.50976,19.62384,18.54516,21.4403,18.09179,0.5765223
1.23767E+18,26.82796,20.63722,19.64359,22.11373,19.14051,0.5782151
1.23767E+18,22.16332,20.72153,20.13649,22.14252,19.7149,0.5807145
1.23765E+18,22.95929,20.57331,19.53352,22.08445,19.0181,0.5807872
1.23765E+18,23.96496,20.53165,19.37208,22.35554,18.98013,0.5832555
1.23767E+18,23.50022,21.21327,20.12531,22.77397,19.6743,0.5848369
1.23767E+18,22.83746,19.81833,18.86678,21.38071,18.39525,0.5857706
1.23767E+18,23.06128,21.38098,20.4313,22.75188,19.86335,0.5892061
1.23765E+18,25.01652,20.69453,19.68265,22.53871,19.13927,0.5892569
1.23765E+18,22.70528,20.45953,19.47742,22.23261,18.8492,0.591065
1.23765E+18,21.92243,20.10695,19.41406,21.05865,19.06223,0.5928155
1.23765E+18,23.26661,20.96972,19.89397,22.64404,19.31883,0.5946155
1.23765E+18,21.81809,20.25561,19.41027,21.18968,19.0178,0.5948272
1.23765E+18,23.83559,20.37321,19.23293,22.33093,18.65186,0.5970479
1.23767E+18,22.21123,20.39447,19.40667,21.66286,19.0139,0.6000821
1.23767E+18,25.33595,21.02102,19.77551,22.38483,19.36687,0.6020057
1.23767E+18,26.23144,20.57872,19.3374,22.25861,18.86217,0.6050636
1.23767E+18,22.43917,20.30584,19.07138,21.68194,18.54208,0.6063335
1.23765E+18,24.8889,20.19998,19.04166,21.96857,18.4742,0.6066232
1.23767E+18,23.77775,21.04213,19.88832,23.07522,19.43908,0.6074631
1.23767E+18,24.37387,21.41611,20.14456,22.96153,19.77522,0.6077303
1.23765E+18,23.3208,20.4438,19.33317,22.44541,18.85696,0.6099287
1.23765E+18,23.1263,21.0861,19.83872,22.77704,19.63612,0.6101236
1.23767E+18,22.31878,21.08387,19.71353,22.55942,19.23437,0.614517
1.23767E+18,23.18457,20.58891,19.3964,22.15623,18.91151,0.6186424
1.23765E+18,24.2284,20.43921,19.26934,22.23582,18.76672,0.6187381
1.23767E+18,21.76908,20.37703,19.53599,21.34951,19.06215,0.6213334
1.23765E+18,22.7481,20.81707,19.84255,22.00566,19.27359,0.6255932
1.23765E+18,22.61917,21.11677,19.95914,22.90886,19.54995,0.6285774
1.23765E+18,25.30121,20.47243,19.15755,22.59795,18.78553,0.6368843
1.23767E+18,25.65731,20.95489,20.44586,22.09727,19.9887,0.6389
1.23765E+18,23.80015,20.72539,19.72844,22.45091,19.28784,0.6463721
1.23767E+18,22.96118,20.43185,19.38612,22.28713,18.82517,0.6511155
1.23765E+18,27.11178,20.61189,19.34179,22.22358,18.71953,0.6521497
1.23765E+18,23.07156,20.96263,19.88805,22.93124,19.32601,0.6569522
1.23765E+18,22.30277,20.75276,19.67725,21.82064,19.18576,0.6632882
1.23765E+18,22.69229,21.41189,20.26654,22.4245,19.91092,0.674597
1.23767E+18,21.11185,20.07714,19.3376,20.90311,18.99448,0.6762663
1.23765E+18,23.69909,21.15462,19.87059,22.52313,19.48061,0.6851913
1.23765E+18,22.43381,21.15178,19.98805,22.46687,19.25169,0.6876607
1.23765E+18,24.84636,20.11155,18.71712,21.65652,18.29625,0.6888553
1.23767E+18,22.93077,21.27247,20.0757,22.52024,19.60675,0.6991243
1.23767E+18,25.96635,21.01971,19.86615,23.41528,19.33972,0.7077608
1.23765E+18,23.53051,21.03501,20.11142,22.02703,19.48757,0.7248662
1.23767E+18,24.4879,22.23732,21.161,22.78756,21.08941,0.7986338
1.23767E+18,24.87071,21.97429,20.63321,23.82952,19.98272,0.8140419
